<?xml version="1.0" encoding="UTF-8"?>

<beans xmlns="http://www.springframework.org/schema/beans"
    xmlns:xsi="http://www.w3.org/2001/XMLSchema-instance"
    xmlns:tx="http://www.springframework.org/schema/tx"
    xmlns:mvc="http://www.springframework.org/schema/mvc"
    xmlns:context="http://www.springframework.org/schema/context"
    xsi:schemaLocation="http://www.springframework.org/schema/beans
    http://www.springframework.org/schema/beans/spring-beans-3.0.xsd
	http://www.springframework.org/schema/tx
	http://www.springframework.org/schema/tx/spring-tx-3.0.xsd
	http://www.springframework.org/schema/context
	http://www.springframework.org/schema/context/spring-context-3.0.xsd
	http://www.springframework.org/schema/mvc
	http://www.springframework.org/schema/mvc/spring-mvc-3.0.xsd">
	
	<!-- enable auto wire -->
	<context:annotation-config/>
	<context:component-scan base-package="com.ecommerce"/>
	<mvc:annotation-driven/>
	<mvc:resources location="/resources/" mapping="/resources/**"/>
	
	<bean id="dataSource" class="org.apache.commons.dbcp.BasicDataSource">
	<property name="driverClassName" value="org.h2.Driver"/>
	<property name="url" value="jdbc:h2:tcp://localhost/~/Shopper"/>
	<property name="username" value="sa"/>
	<property name="password" value=""/>
	</bean>

<!-- session factory Declaration -->	
<bean id="sessionFactory"
          class="org.springframework.orm.hibernate4.LocalSessionFactoryBean">
        <property name="dataSource" ref="dataSource" />
     	<property name="packageToScan" value="com.ecommerce.entities"/>
     	<property name="hibernateProperties">
     		<props>
     		<prop key="hibernate.dialect">org.hibernate.dialect.H2Dialect</prop>
     		<prop key="hibernate.show_sql">true</prop>
     		<prop key="hibernate.enable_lazy_load_no_trans">true</prop>
     		<prop key="hibernate.default_schema">Shopper</prop>
     		<prop key="format_sql">true</prop>
     		<prop key="use_sql_comments">true</prop>
     		<!-- <prop key="hibernate.hbm2ddl.auto">create</prop> -->
     		</props>
     	</property>	
</bean>

<!-- enable the configuration of transactional behavior based on annotations -->
	<tx:annotation-driven transaction-manager="transactionManager" />

<!-- Transactions -->
	<bean id="transactionManager"
		 class="org.springframework.orm.hibernate4.HibernateTransactionManager">
		<property name="sessionFactory" ref="sessionFactory" />
	</bean>	
	
	
	</beans>